Name,Email,Username,Phone,Age,Address
Adonis,Melisa_Ullrich99@yahoo.com,Serenity36,989-509-3513 x97928,82,Montenegro
Ward,Adam46@yahoo.com,Kenyon81,(566) 337-2490 x4167,30,Aland Islands
Loren,Stanton.Kirlin68@gmail.com,Leopoldo_Goodwin,706-475-5470,59,Albania
Mallory,Scottie.Turner@hotmail.com,Patricia.Abshire40,(959) 204-0981 x309,96,Macao
Alison,Milo_Stiedemann79@gmail.com,Emerald_Fadel67,710-485-7352,82,Heard Island and McDonald Islands
Abe,Bonnie.Bahringer@gmail.com,Bradley69,468-684-1881 x84639,73,Syrian Arab Republic
Chelsey,Jacynthe.Morar@hotmail.com,Irma.Ward,813.652.0623 x027,18,Nepal
Margie,Anabelle9@hotmail.com,Zella.Feil56,660-703-7573 x954,24,Zambia
Jalon,Delia.Lynch@hotmail.com,Felicita.Marquardt,1-722-680-9306 x7205,97,Chad
Buford,Ladarius_Thompson36@gmail.com,Gus51,(764) 427-9757 x69391,81,Poland
Gordon,Carmen12@yahoo.com,Neoma89,1-341-390-0457 x54619,74,British Indian Ocean Territory (Chagos Archipelago)
Liana,Era37@yahoo.com,Leopold_Conn37,1-311-799-1798 x564,45,Pitcairn Islands
Arlo,Keaton.Barrows@gmail.com,Alexa.Runolfsdottir98,(294) 511-1057 x75682,90,United States Minor Outlying Islands
Demario,Glenna64@gmail.com,Ernestina_Schneider19,(259) 207-7265 x105,81,Monaco
Dayne,Kasey.Schuppe58@yahoo.com,Delpha.Schmitt,1-726-268-4147 x248,53,Bulgaria
Virgie,Jude_Kling@yahoo.com,Althea.Konopelski1,853.320.9448,91,India
Ricardo,Leda45@hotmail.com,Charity_Haag54,493.912.0567 x4014,30,Saint Martin
Melyssa,Torrance_Bergnaum29@hotmail.com,Howell.Ullrich,1-831-888-7836 x5186,91,Norway
Simone,Mariane_Daugherty3@gmail.com,Marilie.Harvey-Beatty,528-383-9862 x7960,70,Peru
Viva,Maida69@yahoo.com,Emelia_Bartoletti35,1-790-582-4207 x03558,33,Martinique
